<?xml version="1.0" encoding="utf-8"?>
<!DOCTYPE install SYSTEM "http://dev.joomla.org/xml/1.5/component-install.dtd">
<install method="upgrade" type="component" version="1.5.0">
	<name>PhocaMenu</name>
	<creationDate>10/03/2010</creationDate>
	<author>Jan Pavelka (www.phoca.cz)</author>
	<authorEmail></authorEmail>
	<authorUrl>www.phoca.cz</authorUrl>
	<copyright>Jan Pavelka</copyright>
	<license>GNU/GPL</license>
	<!-- The version string is recorded in the components table -->
	<version>1.2.0 Lite</version>
	<!-- The description is optional and defaults to the name -->
	<description>Phoca Restaurant Menu</description>

	<!-- Install Database Section -->
	<install>
		<sql>
			<file driver="mysql" charset="utf8">install.sql</file>
		</sql>
	</install>

	<!-- Uninstall Database Section -->
	<uninstall>
		<sql>
			<file driver="mysql" charset="utf8">uninstall.sql</file>
		</sql>
	</uninstall>

	<!-- Custom Install Script to execute -->
	<installfile>install.phocamenu.php</installfile>

	<!-- Custom Uninstall Script to execute -->
	<uninstallfile>uninstall.phocamenu.php</uninstallfile>

	<!-- Site Main File Copy Section -->
	<files folder="front">
		<filename>controller.php</filename>
		<filename>index.html</filename>
		<filename>metadata.xml</filename>
		<filename>phocamenu.php</filename>
		<filename>router.php</filename>
		<filename>assets/images/icon-16-close.png</filename>
		<filename>assets/images/icon-16-email.png</filename>
		<filename>assets/images/icon-16-pdf-dis.png</filename>
		<filename>assets/images/icon-16-pdf.png</filename>
		<filename>assets/images/icon-16-print.png</filename>
		<filename>assets/images/icon-16-publish.png</filename>
		<filename>assets/images/icon-16-trash.png</filename>
		<filename>assets/images/icon-16-unpublish.png</filename>
		<filename>assets/images/index.html</filename>
		<filename>assets/index.html</filename>
		<filename>assets/phocamenu-print.css</filename>
		<filename>assets/phocamenu.css</filename>
		<filename>helpers/index.html</filename>
		<filename>models/index.html</filename>
		<filename>models/menu.php</filename>
		<filename>views/dailymenu/index.html</filename>
		<filename>views/dailymenu/tmpl/default.php</filename>
		<filename>views/dailymenu/tmpl/default.xml</filename>
		<filename>views/dailymenu/tmpl/index.html</filename>
		<filename>views/dailymenu/view.html.php</filename>
		<filename>views/dailymenu/view.pdf.php</filename>
		<filename>views/index.html</filename>
	</files>

	<!-- Language -->
	<languages>
		<language tag="en-GB">language/en-GB/en-GB.com_phocamenu.ini</language>
		<language tag="en-GB">language/en-GB/en-GB.com_phocamenu.menu.ini</language>
	</languages>

	<!-- Administration -->
	<administration>
		<menu img="components/com_phocamenu/assets/images/icon-16-prm-menu.png" link="option=com_phocamenu">Phoca Restaurant Menu</menu>
		<submenu>
			<menu img="components/com_phocamenu/assets/images/icon-16-prm-menu-cp.png" link="option=com_phocamenu">Control Panel</menu>
			<menu img="components/com_phocamenu/assets/images/icon-16-prm-menu-dm.png" link="option=com_phocamenu&amp;view=phocamenugroups&amp;type=1">Daily Menu</menu>
			<menu img="components/com_phocamenu/assets/images/icon-16-prm-menu-info.png" link="option=com_phocamenu&amp;view=phocamenuinfo">Info</menu>
		</submenu>

		<!-- Administration Main File Copy Section -->
		<files>
			<filename>admin.phocamenu.php</filename>
			<filename>config.xml</filename>
			<filename>controller.php</filename>
			<filename>index.html</filename>
			<filename>install.bak</filename>
			<filename>install.phocamenu.php</filename>
			<filename>install.sql</filename>
			<filename>phocamenu.xml</filename>
			<filename>uninstall.phocamenu.php</filename>
			<filename>uninstall.sql</filename>
			<filename>assets/images/icon-16-email.png</filename>
			<filename>assets/images/icon-16-insert.png</filename>
			<filename>assets/images/icon-16-item.png</filename>
			<filename>assets/images/icon-16-multiple.png</filename>
			<filename>assets/images/icon-16-pdf-dis.png</filename>
			<filename>assets/images/icon-16-pdf.png</filename>
			<filename>assets/images/icon-16-preview.png</filename>
			<filename>assets/images/icon-16-prm-menu-bl.png</filename>
			<filename>assets/images/icon-16-prm-menu-bm.png</filename>
			<filename>assets/images/icon-16-prm-menu-cp.png</filename>
			<filename>assets/images/icon-16-prm-menu-dm.png</filename>
			<filename>assets/images/icon-16-prm-menu-dn.png</filename>
			<filename>assets/images/icon-16-prm-menu-fm.png</filename>
			<filename>assets/images/icon-16-prm-menu-info.png</filename>
			<filename>assets/images/icon-16-prm-menu-lm.png</filename>
			<filename>assets/images/icon-16-prm-menu-wl.png</filename>
			<filename>assets/images/icon-16-prm-menu-wm.png</filename>
			<filename>assets/images/icon-16-prm-menu.png</filename>
			<filename>assets/images/icon-16-publish.png</filename>
			<filename>assets/images/icon-16-trash.png</filename>
			<filename>assets/images/icon-16-unpublish.png</filename>
			<filename>assets/images/icon-16-warning.png</filename>
			<filename>assets/images/icon-32-email.png</filename>
			<filename>assets/images/icon-32-emailsave.png</filename>
			<filename>assets/images/icon-32-multiple.png</filename>
			<filename>assets/images/icon-32-pdf-dis.png</filename>
			<filename>assets/images/icon-32-pdf.png</filename>
			<filename>assets/images/icon-32-settings.png</filename>
			<filename>assets/images/icon-48-bl.png</filename>
			<filename>assets/images/icon-48-bm.png</filename>
			<filename>assets/images/icon-48-dm.png</filename>
			<filename>assets/images/icon-48-dn.png</filename>
			<filename>assets/images/icon-48-fm.png</filename>
			<filename>assets/images/icon-48-info.png</filename>
			<filename>assets/images/icon-48-lm.png</filename>
			<filename>assets/images/icon-48-phoca.png</filename>
			<filename>assets/images/icon-48-settings.png</filename>
			<filename>assets/images/icon-48-wl.png</filename>
			<filename>assets/images/icon-48-wm.png</filename>
			<filename>assets/images/icon-arrow.png</filename>
			<filename>assets/images/index.html</filename>
			<filename>assets/images/install.png</filename>
			<filename>assets/images/logo-phoca-chef.png</filename>
			<filename>assets/images/logo-phoca.png</filename>
			<filename>assets/images/logo-product.png</filename>
			<filename>assets/images/logo.png</filename>
			<filename>assets/images/phoca-logo-large.png</filename>
			<filename>assets/images/update.png</filename>
			<filename>assets/images/upgrade.png</filename>
			<filename>assets/index.html</filename>
			<filename>assets/jcp/defaultcolor.jpg</filename>
			<filename>assets/jcp/index.html</filename>
			<filename>assets/jcp/license.txt</filename>
			<filename>assets/jcp/picker.css</filename>
			<filename>assets/jcp/picker.js</filename>
			<filename>assets/js/addrow.js</filename>
			<filename>assets/js/index.html</filename>
			<filename>assets/phocamenu.css</filename>
			<filename>controllers/index.html</filename>
			<filename>controllers/phocamenuconfig.php</filename>
			<filename>controllers/phocamenuemail.php</filename>
			<filename>controllers/phocamenugallery.php</filename>
			<filename>controllers/phocamenugroup.php</filename>
			<filename>controllers/phocamenuinfo.php</filename>
			<filename>controllers/phocamenuinstall.php</filename>
			<filename>controllers/phocamenuitem.php</filename>
			<filename>controllers/phocamenumultipleedit.php</filename>
			<filename>controllers/phocamenuuninstall.php</filename>
			<filename>elements/index.html</filename>
			<filename>elements/phocacolortext.php</filename>
			<filename>elements/phocahead.php</filename>
			<filename>elements/phocalistwarning.php</filename>
			<filename>elements/phocalongtext.php</filename>
			<filename>elements/phocamenuday.php</filename>
			<filename>elements/phocamenulist.php</filename>
			<filename>elements/phocatext.php</filename>
			<filename>elements/phocatextarea.php</filename>
			<filename>elements/phocawarning.php</filename>
			<filename>help/en-GB/css/help.css</filename>
			<filename>help/en-GB/css/index.html</filename>
			<filename>help/en-GB/index.html</filename>
			<filename>help/en-GB/screen.phocamenu.html</filename>
			<filename>help/index.html</filename>
			<filename>helpers/index.html</filename>
			<filename>helpers/phocamenu.php</filename>
			<filename>helpers/phocamenuczechdate.php</filename>
			<filename>helpers/phocamenufrontrender.php</filename>
			<filename>helpers/phocamenugallery.php</filename>
			<filename>helpers/phocamenurender.php</filename>
			<filename>helpers/phocamenurenderviews.php</filename>
			<filename>models/index.html</filename>
			<filename>models/phocamenuconfig.php</filename>
			<filename>models/phocamenuemail.php</filename>
			<filename>models/phocamenugallery.php</filename>
			<filename>models/phocamenugroup.php</filename>
			<filename>models/phocamenugroups.php</filename>
			<filename>models/phocamenuitem.php</filename>
			<filename>models/phocamenuitems.php</filename>
			<filename>models/phocamenumultipleedit.php</filename>
			<filename>tables/index.html</filename>
			<filename>tables/phocamenuconfig.php</filename>
			<filename>tables/phocamenuday.php</filename>
			<filename>tables/phocamenuemail.php</filename>
			<filename>tables/phocamenugroup.php</filename>
			<filename>tables/phocamenuitem.php</filename>
			<filename>tables/phocamenulist.php</filename>
			<filename>views/index.html</filename>
			<filename>views/phocamenuconfig/index.html</filename>
			<filename>views/phocamenuconfig/tmpl/form.php</filename>
			<filename>views/phocamenuconfig/tmpl/index.html</filename>
			<filename>views/phocamenuconfig/view.html.php</filename>
			<filename>views/phocamenucp/index.html</filename>
			<filename>views/phocamenucp/tmpl/default.php</filename>
			<filename>views/phocamenucp/tmpl/index.html</filename>
			<filename>views/phocamenucp/view.html.php</filename>
			<filename>views/phocamenuemail/index.html</filename>
			<filename>views/phocamenuemail/tmpl/form.php</filename>
			<filename>views/phocamenuemail/tmpl/index.html</filename>
			<filename>views/phocamenuemail/view.html.php</filename>
			<filename>views/phocamenugallery/index.html</filename>
			<filename>views/phocamenugallery/tmpl/default.php</filename>
			<filename>views/phocamenugallery/tmpl/index.html</filename>
			<filename>views/phocamenugallery/view.html.php</filename>
			<filename>views/phocamenugroup/index.html</filename>
			<filename>views/phocamenugroup/tmpl/form.php</filename>
			<filename>views/phocamenugroup/tmpl/index.html</filename>
			<filename>views/phocamenugroup/view.html.php</filename>
			<filename>views/phocamenugroups/index.html</filename>
			<filename>views/phocamenugroups/tmpl/default.php</filename>
			<filename>views/phocamenugroups/tmpl/index.html</filename>
			<filename>views/phocamenugroups/view.html.php</filename>
			<filename>views/phocamenuinfo/index.html</filename>
			<filename>views/phocamenuinfo/tmpl/default.php</filename>
			<filename>views/phocamenuinfo/tmpl/index.html</filename>
			<filename>views/phocamenuinfo/view.html.php</filename>
			<filename>views/phocamenuitem/index.html</filename>
			<filename>views/phocamenuitem/tmpl/form.php</filename>
			<filename>views/phocamenuitem/tmpl/index.html</filename>
			<filename>views/phocamenuitem/view.html.php</filename>
			<filename>views/phocamenuitems/index.html</filename>
			<filename>views/phocamenuitems/tmpl/default.php</filename>
			<filename>views/phocamenuitems/tmpl/index.html</filename>
			<filename>views/phocamenuitems/view.html.php</filename>
			<filename>views/phocamenumultipleedit/index.html</filename>
			<filename>views/phocamenumultipleedit/tmpl/form.php</filename>
			<filename>views/phocamenumultipleedit/tmpl/index.html</filename>
			<filename>views/phocamenumultipleedit/view.html.php</filename>
		</files>

		<!-- Only Development - copy ./front, ./language, ./other to admin area -->
		<files>
			<filename>language/en-GB/en-GB.com_phocamenu.ini</filename>
			<filename>language/en-GB/en-GB.com_phocamenu.menu.ini</filename>
			<filename>other/index.html</filename>
			<filename>other/install_xml.php</filename>
		</files>

		<!-- Language -->
		<languages>
			<language tag="en-GB">language/en-GB/en-GB.com_phocamenu.ini</language>
			<language tag="en-GB">language/en-GB/en-GB.com_phocamenu.menu.ini</language>
		</languages>

	</administration>
</install>
