<?xml version="1.0" encoding="utf-8"?>
<extension type="component" method="upgrade" version="3.9">
	<name>com_phocamenu</name>
	<author>Jan Pavelka (www.phoca.cz)</author>
	<creationDate>27/01/2021</creationDate>
	<authorEmail></authorEmail>
	<authorUrl>https://www.phoca.cz</authorUrl>
	<copyright>Jan Pavelka</copyright>
	<license>GNU/GPL</license>
	<version>3.3.1</version>
	<description>COM_PHOCAMENU_XML_DESCRIPTION</description>
	<scriptfile>script.php</scriptfile>
	<projectName>PhocaRestaurantMenu</projectName>

	<install>
		<sql>
			<file driver="mysql" charset="utf8">install/sql/mysql/install.utf8.sql</file>
		</sql>
	</install>

	<uninstall>
		<sql>
			<file driver="mysql" charset="utf8">install/sql/mysql/uninstall.utf8.sql</file>
		</sql>
	</uninstall>

	<update>
		<schemas>
			<schemapath type="mysql">update/sql/mysql</schemapath>
		</schemas>
	</update>

	<files folder="site">
		<folder>helpers</folder>
		<folder>models</folder>
		<folder>views</folder>
		<filename>controller.php</filename>
		<filename>index.html</filename>
		<filename>phocamenu.php</filename>
		<filename>router.php</filename>
	</files>

	<media destination="com_phocamenu" folder="media">
		<folder>css</folder>
		<folder>duotone</folder>
		<folder>images</folder>
		<folder>js</folder>
		<filename>index.html</filename>
	</media>

	<languages folder="admin/language">
		<language tag="en-GB" client="site">en-GB/en-GB.com_phocamenu.ini</language>
		<language tag="en-GB" client="site">en-GB/en-GB.com_phocamenu.sys.ini</language>
	</languages>

	<administration>

		<menu img="media/com_phocamenu/images/administrator/icon-16-prm-menu.png" alt="COM_PHOCAMENU" link="option=com_phocamenu">COM_PHOCAMENU</menu>

			<submenu>
				<menu img="media/com_phocamenu/images/administrator/icon-16-prm-menu-cp.png" alt="COM_PHOCAMENU_CONTROLPANEL" view="phocamenucp" link="option=com_phocamenu">COM_PHOCAMENU_CONTROLPANEL</menu>
				<menu img="media/com_phocamenu/images/administrator/icon-16-prm-menu-dm.png" alt="COM_PHOCAMENU_DAILY_MENU" view="phocamenugroups" link="option=com_phocamenu&amp;view=phocamenugroups&amp;type=1">COM_PHOCAMENU_DAILY_MENU</menu>
				
				<menu img="media/com_phocamenu/images/administrator/icon-16-prm-menu-al.png" alt="COM_PHOCAMENU_ALL_ITEMS" view="phocamenuallitems" link="option=com_phocamenu&amp;view=phocamenuallitems">COM_PHOCAMENU_ALL_ITEMS</menu>
				<menu img="media/com_phocamenu/images/administrator/icon-16-prm-menu-info.png" alt="COM_PHOCAMENU_INFO" view="phocamenuinfo" link="option=com_phocamenu&amp;view=phocamenuinfo">COM_PHOCAMENU_INFO</menu>
			</submenu>

		<files folder="admin">
			<folder>assets</folder>
			<folder>controllers</folder>
			<folder>help</folder>
			<folder>helpers</folder>
			<folder>install</folder>
			<folder>libraries</folder>
			<folder>models</folder>
			<folder>tables</folder>
			<folder>update</folder>
			<folder>views</folder>
			<filename>access.xml</filename>
			<filename>config.xml</filename>
			<filename>controller.php</filename>
			<filename>index.html</filename>
			<filename>phocamenu.php</filename>
		</files>

		<languages folder="admin/language">
			<language tag="en-GB">en-GB/en-GB.com_phocamenu.ini</language>
			<language tag="en-GB">en-GB/en-GB.com_phocamenu.sys.ini</language>
		</languages>
	</administration>
	
	

	<updateservers>
		<server type="extension" name="COM_PHOCAMENU" priority="1"><![CDATA[https://raw.githubusercontent.com/PhocaCz/PhocaRestaurantMenu/master/manifest.xml]]></server>
	</updateservers>
</extension>
