<?xml version="1.0" encoding="utf-8"?>
<extension method="upgrade" type="component" version="2.5.0">
	<name>com_phocamenu</name>
	<author>Jan Pavelka (www.phoca.cz)</author>
	<creationDate>26/03/2013</creationDate>
	<authorEmail></authorEmail>
	<authorUrl>www.phoca.cz</authorUrl>
	<copyright>Jan Pavelka</copyright>
	<license>GNU/GPL</license>
	<version>2.0.3 Lite</version>
	<description>Phoca Restaurant Menu</description>

	<install>
		<sql>
			<file driver="mysql" charset="utf8">install.sql</file>
		</sql>
	</install>

	<uninstall>
		<sql>
			<file driver="mysql" charset="utf8">uninstall.sql</file>
		</sql>
	</uninstall>

	<installfile>install.phocamenu.php</installfile>

	<uninstallfile>uninstall.phocamenu.php</uninstallfile>

	<files folder="site">
		<filename>controller.php</filename>
		<filename>index.html</filename>
		<filename>phocamenu.php</filename>
		<filename>router.php</filename>
		<folder>assets</folder>
		<folder>helpers</folder>
		<folder>models</folder>
		<folder>views</folder>
	</files>

	<languages>
		<language tag="en-GB" client="site">language/en-GB/en-GB.com_phocamenu.ini</language>
		<language tag="en-GB" client="site">language/en-GB/en-GB.com_phocamenu.sys.ini</language>
	</languages>

	<administration>
		<menu img="components/com_phocamenu/assets/images/icon-16-prm-menu.png" link="option=com_phocamenu">COM_PHOCAMENU</menu>
		<submenu>
			<menu img="components/com_phocamenu/assets/images/icon-16-prm-menu-cp.png" alt="COM_PHOCAMENU_CONTROLPANEL" view="phocamenucp" link="option=com_phocamenu">COM_PHOCAMENU_CONTROLPANEL</menu>
			<menu img="components/com_phocamenu/assets/images/icon-16-prm-menu-dm.png" alt="COM_PHOCAMENU_DAILY_MENU" view="phocamenugroups" link="option=com_phocamenu&amp;view=phocamenugroups&amp;type=1">COM_PHOCAMENU_DAILY_MENU</menu>
			<menu img="components/com_phocamenu/assets/images/icon-16-prm-menu-info.png" alt="COM_PHOCAMENU_INFO" view="phocamenuinfo" link="option=com_phocamenu&amp;view=phocamenuinfo">COM_PHOCAMENU_INFO</menu>
		</submenu>

		<files folder="admin">
			<filename>access.xml</filename>
			<filename>config.xml</filename>
			<filename>controller.php</filename>
			<filename>index.html</filename>
			<filename>install.bak.sql</filename>
			<filename>install.phocamenu.php</filename>
			<filename>install.sql</filename>
			<filename>phocamenu.php</filename>
			<filename>phocamenu.xml</filename>
			<filename>uninstall.phocamenu.php</filename>
			<filename>uninstall.sql</filename>
			<folder>assets</folder>
			<folder>controllers</folder>
			<folder>help</folder>
			<folder>helpers</folder>
			<folder>models</folder>
			<folder>tables</folder>
			<folder>views</folder>
		</files>

		<languages>
			<language tag="en-GB">language/en-GB/en-GB.com_phocamenu.ini</language>
			<language tag="en-GB">language/en-GB/en-GB.com_phocamenu.sys.ini</language>
		</languages>

	</administration>
</extension>
